item,aspect,control_wins,control_n,control_rate,ablation_wins,ablation_n,ablation_rate,delta,paired95_lower,paired95_upper,half_width,seeds_first,seeds_last
hollowCrown,duskblade,129,200,0.645000,95,200,0.475000,-0.170000,-0.249947,-0.090053,0.079947,4000,4199
hollowCrown,ashwarden,149,200,0.745000,148,200,0.740000,-0.005000,-0.057902,0.047902,0.052902,4000,4199
hollowCrown,combined,278,400,0.695000,243,400,0.607500,-0.087500,-0.136052,-0.038948,0.048552,4000,4199
duskmirror,duskblade,129,200,0.645000,123,200,0.615000,-0.030000,-0.053701,-0.006299,0.023701,4000,4199
duskmirror,ashwarden,149,200,0.745000,139,200,0.695000,-0.050000,-0.083316,-0.016684,0.033316,4000,4199
duskmirror,combined,278,400,0.695000,262,400,0.655000,-0.040000,-0.060441,-0.019559,0.020441,4000,4199
catalyst,duskblade,129,200,0.645000,130,200,0.650000,0.005000,-0.030416,0.040416,0.035416,4000,4199
catalyst,ashwarden,149,200,0.745000,127,200,0.635000,-0.110000,-0.165209,-0.054791,0.055209,4000,4199
catalyst,combined,278,400,0.695000,257,400,0.642500,-0.052500,-0.085737,-0.019263,0.033237,4000,4199
emberLantern,duskblade,129,200,0.645000,122,200,0.610000,-0.035000,-0.085817,0.015817,0.050817,4000,4199
emberLantern,ashwarden,149,200,0.745000,143,200,0.715000,-0.030000,-0.066523,0.006523,0.036523,4000,4199
emberLantern,combined,278,400,0.695000,265,400,0.662500,-0.032500,-0.063752,-0.001248,0.031252,4000,4199
venomStrike,duskblade,129,200,0.645000,129,200,0.645000,0.000000,-0.027788,0.027788,0.027788,4000,4199
venomStrike,ashwarden,149,200,0.745000,153,200,0.765000,0.020000,-0.042073,0.082073,0.062073,4000,4199
venomStrike,combined,278,400,0.695000,282,400,0.705000,0.010000,-0.023976,0.043976,0.033976,4000,4199
virulence,duskblade,129,200,0.645000,131,200,0.655000,0.010000,-0.036060,0.056060,0.046060,4000,4199
virulence,ashwarden,149,200,0.745000,157,200,0.785000,0.040000,-0.009786,0.089786,0.049786,4000,4199
virulence,combined,278,400,0.695000,288,400,0.720000,0.025000,-0.008901,0.058901,0.033901,4000,4199
warCry,duskblade,129,200,0.645000,134,200,0.670000,0.025000,-0.042263,0.092263,0.067263,4000,4199
warCry,ashwarden,149,200,0.745000,154,200,0.770000,0.025000,-0.010252,0.060252,0.035252,4000,4199
warCry,combined,278,400,0.695000,288,400,0.720000,0.025000,-0.012923,0.062923,0.037923,4000,4199
eclipseSlash,duskblade,129,200,0.645000,130,200,0.650000,0.005000,-0.084502,0.094502,0.089502,4000,4199
eclipseSlash,ashwarden,149,200,0.745000,149,200,0.745000,0.000000,0.000000,0.000000,0.000000,4000,4199
eclipseSlash,combined,278,400,0.695000,279,400,0.697500,0.002500,-0.042196,0.047196,0.044696,4000,4199
