defect_id,class,status,act,seed,shape,zoom_stop,zoom_size,pose,locale,frame_id,frame_file,classification,notes
D462-001,ROAD_SCENERY_INTERSECTION,OBSERVED,1,17634,phone-landscape,2,20,focused,en,F046,raw/act-01_seed-00017634_shape-phone-landscape_zoom-02-20_pose-focused_locale-en.png,ARCHITECTURAL,3D road slabs and scenery silhouettes occupy the same ground; Y-fork trunks and mounds cross paved segments. The 2D dotted overlay continues through those crossings.
D462-002,NODE_SCENERY_OCCLUSION,OBSERVED,3,17634,pad-landscape,3,28,focused,en,F128,raw/act-03_seed-00017634_shape-pad-landscape_zoom-03-28_pose-focused_locale-en.png,ARCHITECTURAL,Large untextured polygonal scenery sits in front of the graph; a triangular mass covers a mystery node on the right. Node seats are repaired after scenery is placed and still lose.
D462-003,NODE_NODE_COLLISION,OBSERVED,1,717,pad-landscape,3,28,opening,en,F007,raw/act-01_seed-00000717_shape-pad-landscape_zoom-03-28_pose-opening_locale-en.png,ARCHITECTURAL,Upper-right combat medallions sit close enough to read as a collision; spacing is a post-scenery repair with a capped shove rather than a shared layout.
D462-004,EDGE_CROSSING_OR_MERGE_AMBIGUITY,OBSERVED,1,717,pad-landscape,3,28,focused,en,F008,raw/act-01_seed-00000717_shape-pad-landscape_zoom-03-28_pose-focused_locale-en.png,ARCHITECTURAL,Branching stone segments and 2D bezier dots cross and merge in the centre/upper-right so the next legal step is visually ambiguous.
D462-005,ROUTE_STATE_TOO_FAINT,OBSERVED,2,17634,pad-landscape,3,28,focused,en,F080,raw/act-02_seed-00017634_shape-pad-landscape_zoom-03-28_pose-focused_locale-en.png,ARCHITECTURAL,Act II has no readable 3D pavement in this corpus; cold route state is a 1.7px dotted 2D overlay at low alpha on dark fog and is easy to lose.
D462-006,OVERLAY_DEPTH_VIOLATION,OBSERVED,2,17634,pad-landscape,3,28,focused,en,F080,raw/act-02_seed-00017634_shape-pad-landscape_zoom-03-28_pose-focused_locale-en.png,ARCHITECTURAL,PathBand and waystones are 2D children painted after MapScene so dotted edges and medallions draw through 3D scenery the road would otherwise disappear behind.
D462-007,HERO_LANDMARK_FRAMING,OBSERVED,1,717,pad-landscape,0,12,opening,en,F001,raw/act-01_seed-00000717_shape-pad-landscape_zoom-00-12_pose-opening_locale-en.png,ARCHITECTURAL,Canonical opening pose (DEFAULT_XZ) and zoom-0 do not compose the Vigil as a hero landmark; at focused zoom-3 it sits on the lower-left edge instead of reading as a terminus.
D462-008,DENSITY_OR_NEGATIVE_SPACE,OBSERVED,1,17634,pad-landscape,3,28,focused,en,F032,raw/act-01_seed-00017634_shape-pad-landscape_zoom-03-28_pose-focused_locale-en.png,ARCHITECTURAL,Act I focused zoom-3 packs nodes scenery and pavement with little rest; Acts II–III invert that into large empty fog versus a tight node cluster. No shared composition contract.
D462-009,REPETITION_OR_STAMPING,OBSERVED,4,717,pad-landscape,3,28,focused,en,F152,raw/act-04_seed-00000717_shape-pad-landscape_zoom-03-28_pose-focused_locale-en.png,ASSET-RELATED,Act IV resolved 3 of 8 kits and kept black placeholder cones cubes and discs. Act I also stamps the same Y-fork / mound silhouettes along the road.
